{
  "tensorflow": "2.16.1",
  "dataset": "typorch/age",
  "device": "gpu",
  "gpu_devices": [
    "/physical_device:GPU:0"
  ],
  "train_rows": 27381,
  "validation_rows": 7824,
  "test_rows": 3912,
  "source_rows": 39610,
  "excluded_rows": 493,
  "sample_weights": true,
  "sample_weight_cap": 10.0,
  "sample_weight_power": 1.3,
  "sample_weights_by_bin": {
    "0-9": 0.5693816020928189,
    "10-19": 0.41086004832233974,
    "20-29": 0.6777835073943017,
    "30-39": 1.9154532635704564,
    "40-49": 4.39975768770191,
    "50-59": 8.08830308678063
  },
  "fine_tune_layers": 50,
  "fine_tune_learning_rate": 1e-05,
  "target_age_range": {
    "min_inclusive": 0.0,
    "max_exclusive": 60.0
  },
  "age_bin_width": 10,
  "train_age_distribution": {
    "0-9": 7038,
    "10-19": 9046,
    "20-29": 6155,
    "30-39": 2768,
    "40-49": 1460,
    "50-59": 914
  },
  "validation_age_distribution": {
    "0-9": 2011,
    "10-19": 2585,
    "20-29": 1759,
    "30-39": 791,
    "40-49": 417,
    "50-59": 261
  },
  "test_age_distribution": {
    "0-9": 1006,
    "10-19": 1292,
    "20-29": 879,
    "30-39": 396,
    "40-49": 209,
    "50-59": 130
  },
  "validation_metrics": {
    "loss": 6.737932205200195,
    "mae_years": 6.955127239227295,
    "rmse_years": 9.52358627319336
  },
  "test_metrics": {
    "loss": 6.635523319244385,
    "mae_years": 6.851064682006836,
    "rmse_years": 9.394378662109375
  },
  "best_model": "/mnt/c/Users/trist/Documents/projekt/model_out/best_age_model.keras"
}