{
  "tensorflow": "2.16.1",
  "dataset": "typorch/age",
  "device": "gpu",
  "gpu_devices": [
    "/physical_device:GPU:0"
  ],
  "train_rows": 27381,
  "validation_rows": 7824,
  "test_rows": 3912,
  "source_rows": 39610,
  "excluded_rows": 493,
  "sample_weights": true,
  "sample_weight_cap": 8.0,
  "sample_weight_power": 1.15,
  "sample_weights_by_bin": {
    "0-9": 0.6076116766331348,
    "10-19": 0.45526859396490843,
    "20-29": 0.7088926887694091,
    "30-39": 1.777058662101241,
    "40-49": 3.708403471405353,
    "50-59": 6.354840255971005
  },
  "fine_tune_layers": 70,
  "fine_tune_learning_rate": 1e-05,
  "target_age_range": {
    "min_inclusive": 0.0,
    "max_exclusive": 60.0
  },
  "age_bin_width": 10,
  "train_age_distribution": {
    "0-9": 7038,
    "10-19": 9046,
    "20-29": 6155,
    "30-39": 2768,
    "40-49": 1460,
    "50-59": 914
  },
  "validation_age_distribution": {
    "0-9": 2011,
    "10-19": 2585,
    "20-29": 1759,
    "30-39": 791,
    "40-49": 417,
    "50-59": 261
  },
  "test_age_distribution": {
    "0-9": 1006,
    "10-19": 1292,
    "20-29": 879,
    "30-39": 396,
    "40-49": 209,
    "50-59": 130
  },
  "validation_metrics": {
    "loss": 5.717927932739258,
    "mae_years": 5.968862533569336,
    "rmse_years": 8.44739055633545
  },
  "test_metrics": {
    "loss": 5.806294918060303,
    "mae_years": 6.058902263641357,
    "rmse_years": 8.6322603225708
  },
  "best_model": "/mnt/c/Users/trist/Documents/projekt/model_out/best_age_model.keras"
}