epoch,learning_rate,loss,mae_years,rmse_years,val_loss,val_mae_years,val_rmse_years
0,0.000699999975040555,64.28083038330078,12.096319198608398,15.544000625610352,45.64500427246094,10.149984359741211,13.035511016845703
